{
  "_version": 1,
  "oi_history": {
    "BTCUSDT": [
      2092549571.9649003,
      2089293699.76266,
      2089639807.2106597,
      2095212750.7151997,
      2096941550.1919198,
      2095530837.24072,
      2103945912.8856997
    ],
    "ETHUSDT": [
      1103944357.1964598,
      1108593797.43,
      1109976478.8615,
      1109499911.15994,
      1110902174.4852002,
      1110268441.06386,
      1112203248.5924401
    ],
    "HYPEUSDT": [
      1362876483.0871992,
      1359810515.3462996,
      1364534210.1362,
      1363996486.9119997,
      1362398662.9227996,
      1363678416.1809595,
      1364499678.45352
    ],
    "ZECUSDT": [
      165870453.82639998,
      166023181.57320002,
      166621456.10960007,
      166517047.026,
      165462686.8224,
      165590372.20320004,
      166006419.3752
    ],
    "NEARUSDT": [
      63427876.66336001,
      63431758.5462,
      63254745.722700015,
      63440448.388960004,
      63330202.41912,
      63435128.87357999,
      63573562.20606001
    ],
    "ONDOUSDT": [
      6970450.032240001,
      6954744.3791,
      6980669.813839999,
      6968394.41424,
      6969272.063039999,
      6984803.94612,
      6952527.0505
    ],
    "SUIUSDT": [
      28516901.587284006,
      28596639.845376004,
      28524120.348492,
      28546731.564113997,
      28473763.812606,
      28520542.63154,
      28597322.5308
    ],
    "PENGUUSDT": [
      3278209.7053440004,
      3278586.5604520002,
      3280925.831584,
      3279836.402034,
      3272354.9562000004,
      3273488.306682,
      3270462.4561420004
    ],
    "BNBUSDT": [
      23875902.1446,
      23891274.563999996,
      23892460.21728,
      23878895.015159998,
      23912650.906,
      23872057.3658,
      23860072.3086
    ],
    "SOLUSDT": [
      358141077.7048798,
      360561469.38017994,
      360352229.07552,
      359908221.1032001,
      359924556.8251799,
      359685882.6966001,
      359424853.8831999
    ],
    "TRXUSDT": [
      14692862.5989,
      14727903.02334,
      14741564.549519999,
      14736004.971280001,
      14727649.16358,
      14740992.107139999,
      14735821.79674
    ],
    "BCHUSDT": [
      10410700.6471,
      10394659.105199998,
      10366668.1076,
      10325816.939199999,
      10304594.52188,
      10282196.470700001,
      10294027.06878
    ],
    "DOGEUSDT": [
      19634802.03162,
      19380213.931091998,
      19362387.61765,
      19335612.724692,
      19316751.094272,
      19360719.585024,
      19536618.603522
    ],
    "ADAUSDT": [
      27138421.009320002,
      27216112.119840004,
      27029617.626480002,
      27004473.914040003,
      26914028.992,
      26896606.505799998,
      26952253.735680003
    ],
    "DOTUSDT": [
      4730742.26955,
      4735526.1724,
      4733094.628500001,
      4746479.42834,
      4727025.0708,
      4740926.75424,
      4742989.0838
    ],
    "TAOUSDT": [
      18768295.86044,
      18746226.19716,
      18695813.85918,
      18642876.600600004,
      18641857.83768,
      18590325.802720003,
      18499999.5785
    ],
    "AVAXUSDT": [
      15499098.233560001,
      15467514.017664,
      15430454.130576,
      15388679.853794,
      15321089.908890001,
      15386687.480495999,
      15417163.32342
    ],
    "LINKUSDT": [
      30276081.351480007,
      30287100.20336,
      30253493.364639997,
      30260391.902,
      30259949.54008,
      30283753.9512,
      30317870.6208
    ],
    "AAVEUSDT": [
      75489317.65914,
      75333892.1335,
      75192303.2416,
      75129675.0674,
      74948203.12098,
      75147548.85749999,
      75172648.1142
    ],
    "XRPUSDT": [
      70107677.32779999,
      69982031.75140001,
      69867258.0632,
      69851010.81719999,
      69764291.7322,
      69743215.9908,
      69822282.8064
    ],
    "XLMUSDT": [
      6455548.512359999,
      6417248.3444,
      6524372.96874,
      6520199.508239999,
      6476888.8936,
      6564782.13594,
      6604802.886519999
    ],
    "UNIUSDT": [
      9020611.07,
      9033890.87016,
      9003539.69958,
      9019348.5228,
      9020183.238,
      9040978.33164,
      9036683.46826
    ],
    "LTCUSDT": [
      11086464.073660001,
      11133414.87104,
      11126451.163180001,
      11118232.88968,
      11128280.716,
      11095969.696759999,
      11102852.8044
    ],
    "APTUSDT": [
      4436598.241604,
      4443736.36713,
      4428056.575896,
      4429180.643,
      4414259.503724,
      4429577.042198,
      4427842.137
    ],
    "PENDLEUSDT": [
      6084383.844,
      6085153.0992,
      6083264.5342,
      6088601.148,
      6058042.847999999,
      6047024.9037999995,
      6011336.941000001
    ]
  },
  "funding_history": {
    "BTCUSDT": [
      1.25e-05,
      1.25e-05,
      1.25e-05,
      1.25e-05,
      1.25e-05,
      1.25e-05
    ],
    "ETHUSDT": [
      1.25e-05,
      1.25e-05,
      1.25e-05,
      9.0466e-06,
      1.1075e-05,
      9.1808e-06
    ],
    "HYPEUSDT": [
      1.25e-05,
      1.25e-05,
      1.25e-05,
      1.25e-05,
      1.25e-05,
      1.25e-05
    ],
    "ZECUSDT": [
      1.25e-05,
      1.25e-05,
      1.25e-05,
      1.25e-05,
      1.25e-05,
      1.25e-05
    ],
    "NEARUSDT": [
      1.25e-05,
      1.25e-05,
      1.25e-05,
      1.25e-05,
      1.25e-05,
      1.25e-05
    ],
    "ONDOUSDT": [
      2.4275e-06,
      3.0502e-06,
      3.838e-06,
      1.12903e-05,
      3.2063e-06,
      5.4363e-06
    ],
    "SUIUSDT": [
      1.25e-05,
      1.25e-05,
      1.25e-05,
      1.25e-05,
      1.25e-05,
      1.25e-05
    ],
    "PENGUUSDT": [
      1.25e-05,
      1.25e-05,
      1.25e-05,
      1.25e-05,
      1.25e-05,
      1.25e-05
    ],
    "BNBUSDT": [
      1.19071e-05,
      7.7701e-06,
      1.25e-05,
      1.25e-05,
      1.25e-05,
      1.25e-05
    ],
    "SOLUSDT": [
      1.25e-05,
      1.25e-05,
      1.25e-05,
      1.25e-05,
      1.25e-05,
      1.25e-05
    ],
    "TRXUSDT": [
      -0.0001294951,
      -0.0001202907,
      -0.0001166953,
      -0.0001173908,
      -0.0001079634,
      -0.0001110298
    ],
    "BCHUSDT": [
      1.25e-05,
      1.25e-05,
      1.25e-05,
      1.25e-05,
      1.25e-05,
      1.25e-05
    ],
    "DOGEUSDT": [
      3.1137e-06,
      3.0993e-06,
      2.408e-07,
      -1.03611e-05,
      -4.9013e-06,
      -2.2771e-06
    ],
    "ADAUSDT": [
      1.25e-05,
      1.25e-05,
      1.25e-05,
      1.25e-05,
      1.25e-05,
      1.25e-05
    ],
    "DOTUSDT": [
      1.25e-05,
      1.25e-05,
      1.25e-05,
      -9.1918e-06,
      -2.8888e-06,
      -2.541e-07
    ],
    "TAOUSDT": [
      1.25e-05,
      1.25e-05,
      1.25e-05,
      8.321e-06,
      1.25e-05,
      1.25e-05
    ],
    "AVAXUSDT": [
      1.25e-05,
      1.25e-05,
      1.25e-05,
      1.25e-05,
      1.25e-05,
      1.25e-05
    ],
    "LINKUSDT": [
      1.25e-05,
      1.25e-05,
      1.25e-05,
      1.25e-05,
      1.25e-05,
      1.25e-05
    ],
    "AAVEUSDT": [
      1.25e-05,
      1.25e-05,
      1.25e-05,
      1.25e-05,
      1.25e-05,
      1.25e-05
    ],
    "XRPUSDT": [
      4.3722e-06,
      4.3425e-06,
      5.0765e-06,
      1.25e-05,
      9.9173e-06,
      5.9206e-06
    ],
    "XLMUSDT": [
      1.25e-05,
      1.25e-05,
      1.25e-05,
      1.25e-05,
      3.9523e-06,
      8.249e-06
    ],
    "UNIUSDT": [
      1.25e-05,
      1.25e-05,
      1.25e-05,
      8.2084e-06,
      6.5975e-06,
      9.4427e-06
    ],
    "LTCUSDT": [
      1.25e-05,
      1.25e-05,
      1.25e-05,
      1.2342e-05,
      6.951e-06,
      1.14947e-05
    ],
    "APTUSDT": [
      -5.3292e-06,
      -1.43955e-05,
      -8.2127e-06,
      1.25e-05,
      -1.41466e-05,
      -1.67778e-05
    ],
    "PENDLEUSDT": [
      1.25e-05,
      1.25e-05,
      1.25e-05,
      1.25e-05,
      1.25e-05,
      1.25e-05
    ]
  },