{
  "_version": 1,
  "oi_history": {
    "BTCUSDT": [
      2171401129.5284,
      2162748837.5806804,
      2143458511.1616,
      2134235097.76558
    ],
    "ETHUSDT": [
      1214887884.7238398,
      1206507462.7564797,
      1200085052.23156,
      1201775150.61882
    ],
    "HYPEUSDT": [
      1354972990.2079797,
      1349576219.9001997,
      1347662869.2617998,
      1341196789.8337
    ],
    "ZECUSDT": [
      195120608.1462,
      194159991.32420006,
      193581698.21120003,
      193676695.5296
    ],
    "NEARUSDT": [
      66390277.20192,
      66090602.175900005,
      65688983.396120034,
      65323593.76049999
    ],
    "ONDOUSDT": [
      7827110.2259,
      7759350.74486,
      7747191.70386,
      7744273.308800001
    ],
    "SUIUSDT": [
      31074663.981119994,
      30932944.741974004,
      30741262.606208,
      30736050.24618
    ],
    "PENGUUSDT": [
      3725094.7926000003,
      3679264.122924,
      3645602.9051159997,
      3626624.32896
    ],
    "BNBUSDT": [
      24238953.362979997,
      24164103.6,
      24070409.8238,
      24143036.894880004
    ],
    "SOLUSDT": [
      424500812.1799999,
      423351281.0010399,
      418894549.67232007,
      419941082.1322002
    ],
    "TRXUSDT": [
      15094680.835520001,
      15104391.46236,
      15103161.838,
      15107109.54452
    ],
    "BCHUSDT": [
      10589265.3429,
      10319533.355560001,
      10182112.029000001,
      10093762.26464
    ],
    "DOGEUSDT": [
      20950175.72196,
      20922721.89903,
      21066904.517839998,
      21039282.747104
    ],
    "ADAUSDT": [
      27681292.66056,
      27575076.402939998,
      27521204.75508,
      27253948.9287
    ],
    "DOTUSDT": [
      4791832.04165,
      4774369.28586,
      4916488.7187,
      4879946.18709
    ],
    "TAOUSDT": [
      19380018.74346,
      19455846.80232,
      19175697.592839997,
      19351057.74316
    ],
    "AVAXUSDT": [
      16187993.68644,
      16107024.428880002,
      16046119.453343999,
      16146544.81914
    ],
    "LINKUSDT": [
      31454776.60084,
      31338437.20686,
      31230804.681519993,
      31205047.57526
    ],
    "AAVEUSDT": [
      77233919.65286002,
      76811813.1046,
      76406142.72924,
      75851387.1236
    ],
    "XRPUSDT": [
      68452672.20300001,
      68310316.1856,
      68119405.9632,
      68156084.385
    ],
    "XLMUSDT": [
      8131898.7174,
      8115518.49288,
      8170664.110560001,
      8138744.313440001
    ],
    "UNIUSDT": [
      9554133.718139999,
      9530737.06704,
      9521064.112,
      9508355.12108
    ],
    "LTCUSDT": [
      11170060.1428,
      11128675.40736,
      11116243.079,
      11120830.218
    ],
    "APTUSDT": [
      4222413.762448,
      4220943.48144,
      4149777.4804960005,
      4137972.9703740003
    ],
    "PENDLEUSDT": [
      6362252.139599999,
      6355818.3,
      6330804.839,
      6332458.1462
    ]
  },
  "funding_history": {
    "BTCUSDT": [
      1.25e-05,
      1.25e-05,
      1.25e-05,
      1.25e-05
    ],
    "ETHUSDT": [
      9.4435e-06,
      1.04316e-05,
      1.04534e-05,
      1.25e-05
    ],
    "HYPEUSDT": [
      -4.1652e-06,
      -8.1237e-06,
      -4.5624e-06,
      -1.00438e-05
    ],
    "ZECUSDT": [
      1.25e-05,
      1.25e-05,
      1.25e-05,
      1.25e-05
    ],
    "NEARUSDT": [
      1.25e-05,
      1.25e-05,
      1.25e-05,
      1.25e-05
    ],
    "ONDOUSDT": [
      1.25e-05,
      1.25e-05,
      1.25e-05,
      1.25e-05
    ],
    "SUIUSDT": [
      1.25e-05,
      1.25e-05,
      1.25e-05,
      1.25e-05
    ],
    "PENGUUSDT": [
      1.25e-05,
      1.25e-05,
      1.25e-05,
      1.25e-05
    ],
    "BNBUSDT": [
      1.25e-05,
      1.25e-05,
      1.25e-05,
      1.25e-05
    ],
    "SOLUSDT": [
      1.25e-05,
      1.25e-05,
      1.25e-05,
      1.25e-05
    ],
    "TRXUSDT": [
      -1.88337e-05,
      -2.2718e-05,
      -1.55971e-05,
      -2.70639e-05
    ],
    "BCHUSDT": [
      -2.47271e-05,
      -2.78531e-05,
      -1.96193e-05,
      -2.4607e-05
    ],
    "DOGEUSDT": [
      8.687e-07,
      -5.4386e-06,
      -1.6212e-05,
      -4.5442e-06
    ],
    "ADAUSDT": [
      1.25e-05,
      1.25e-05,
      1.25e-05,
      1.25e-05
    ],
    "DOTUSDT": [
      1.25e-05,
      1.25e-05,
      1.25e-05,
      1.25e-05
    ],
    "TAOUSDT": [
      1.25e-05,
      1.25e-05,
      1.25e-05,
      1.25e-05
    ],
    "AVAXUSDT": [
      1.25e-05,
      1.25e-05,
      5.5459e-06,
      1.25e-05
    ],
    "LINKUSDT": [
      1.25e-05,
      1.25e-05,
      1.25e-05,
      1.25e-05
    ],
    "AAVEUSDT": [
      1.25e-05,
      1.25e-05,
      1.25e-05,
      1.25e-05
    ],
    "XRPUSDT": [
      1.25e-05,
      1.25e-05,
      3.44e-08,
      1.21318e-05
    ],
    "XLMUSDT": [
      1.25e-05,
      1.25e-05,
      1.13636e-05,
      4.7336e-06
    ],
    "UNIUSDT": [
      1.25e-05,
      1.25e-05,
      1.25e-05,
      1.25e-05
    ],
    "LTCUSDT": [
      7.921e-06,
      3.8372e-06,
      8.929e-06,
      -3.262e-07
    ],
    "APTUSDT": [
      1.25e-05,
      1.25e-05,
      1.25e-05,
      1.25e-05
    ],
    "PENDLEUSDT": [
      1.25e-05,
      1.25e-05,
      1.25e-05,
      1.25e-05
    ]
  },
  "atr_history": {
    "BTCUSDT": [
      1.549949547884946,
      1.549949547884946,
      1.549949547884946,
      1.549949547884946
    ],
    "ETHUSDT": [
      1.869095773539297,
      1.869095773539297,
      1.869095773539297,
      1.869095773539297
    ],
    "HYPEUSDT": [
      2.9691532363041273,
      2.9691532363041273,
      2.9691532363041273,
      2.9691532363041273
    ],
    "ZECUSDT": [
      3.2939222375323345,
      3.2939222375323345,
      3.2939222375323345,
      3.2939222375323345
    ],
    "NEARUSDT": [
      3.2393939711164133,
      3.2393939711164133,
      3.2393939711164133,
      3.2393939711164133
    ],
    "ONDOUSDT": [
      2.39222036125196,
      2.39222036125196,
      2.39222036125196,
      2.39222036125196
    ],
    "SUIUSDT": [
      2.2828922551132447,
      2.2828922551132447,
      2.2828922551132447,
      2.2828922551132447
    ],
    "PENGUUSDT": [
      2.7587303909441694,
      2.7587303909441694,
      2.7587303909441694,
      2.7587303909441694
    ],
    "BNBUSDT": [
      1.4274582074595032,
      1.4274582074595032,
      1.4274582074595032,
      1.4274582074595032
    ],
    "SOLUSDT": [
      2.400975832168399,
      2.400975832168399,
      2.400975832168399,
      2.400975832168399
    ],
    "TRXUSDT": [
      0.5757020045480373,
      0.5757020045480373,
      0.5757020045480373,
      0.5757020045480373
    ],
    "BCHUSDT": [
      2.7282949052900447,
      2.7282949052900447,
      2.7282949052900447,
      2.7282949052900447
    ],
    "DOGEUSDT": [
      2.0099744261646277,
      2.0099744261646277,
      2.0099744261646277,
      2.0099744261646277
    ],
    "ADAUSDT": [
      2.3333589056906003,
      2.3333589056906003,
      2.3333589056906003,
      2.3333589056906003
    ],
    "DOTUSDT": [
      2.0563517888999048,
      2.0563517888999048,
      2.0563517888999048,
      2.0563517888999048
    ],
    "TAOUSDT": [
      2.5127817143049387,
      2.5127817143049387,
      2.5127817143049387,
      2.5127817143049387
    ],
    "AVAXUSDT": [
      2.2654321022698927,
      2.2654321022698927,
      2.2654321022698927,
      2.2654321022698927
    ],
    "LINKUSDT": [
      1.8935160144428957,
      1.8935160144428957,
      1.8935160144428957,
      1.8935160144428957
    ],
    "AAVEUSDT": [
      3.3165973098036075,
      3.3165973098036075,
      3.3165973098036075,
      3.3165973098036075
    ],
    "XRPUSDT": [
      1.76256327952982,
      1.76256327952982,
      1.76256327952982,
      1.76256327952982
    ],
    "XLMUSDT": [
      3.441204012194585,
      3.441204012194585,
      3.441204012194585,
      3.441204012194585
    ],