{
  "_version": 1,
  "oi_history": {
    "BTCUSDT": [
      2171401129.5284,
      2162748837.5806804,
      2143458511.1616,
      2134235097.76558,
      2150133549.462,
      2152719726.0171204,
      2156721970.58248,
      2150278070.12112,
      2150924163.82224,
      2164672023.92184
    ],
    "ETHUSDT": [
      1214887884.7238398,
      1206507462.7564797,
      1200085052.23156,
      1201775150.61882,
      1206420454.39568,
      1207522774.1882997,
      1208047064.466,
      1212644475.0571997,
      1215865192.2101202,
      1205987188.3572004
    ],
    "HYPEUSDT": [
      1354972990.2079797,
      1349576219.9001997,
      1347662869.2617998,
      1341196789.8337,
      1342318465.5641594,
      1341080942.7681394,
      1347342875.8953402,
      1355647667.6448,
      1345392521.7664797,
      1346879792.1149993
    ],
    "ZECUSDT": [
      195120608.1462,
      194159991.32420006,
      193581698.21120003,
      193676695.5296,
      196073830.1414,
      195321093.1774,
      193789008.80639994,
      193419116.81819996,
      192397366.1418,
      192313677.556
    ],
    "NEARUSDT": [
      66390277.20192,
      66090602.175900005,
      65688983.396120034,
      65323593.76049999,
      65490236.200799994,
      65243208.31184001,
      65637509.94503999,
      65546498.26920001,
      65234989.65258001,
      66103229.77294
    ],
    "ONDOUSDT": [
      7827110.2259,
      7759350.74486,
      7747191.70386,
      7744273.308800001,
      7769270.766799999,
      7774145.72208,
      7797189.038400001,
      7772497.6993,
      7728340.85792,
      7736045.636
    ],
    "SUIUSDT": [
      31074663.981119994,
      30932944.741974004,
      30741262.606208,
      30736050.24618,
      30911132.205186002,
      30995949.482904,
      30986822.790540002,
      30884318.403931994,
      30848026.222604,
      30895602.818112005
    ],
    "PENGUUSDT": [
      3725094.7926000003,
      3679264.122924,
      3645602.9051159997,
      3626624.32896,
      3631962.76968,
      3628506.14616,
      3643854.500996,
      3626366.0649599996,
      3612632.5376399998,
      3601570.672818
    ],
    "BNBUSDT": [
      24238953.362979997,
      24164103.6,
      24070409.8238,
      24143036.894880004,
      24027443.40316,
      23925011.226480003,
      23959524.207799997,
      23922055.42128,
      24259953.55678,
      24188969.5112
    ],
    "SOLUSDT": [
      424500812.1799999,
      423351281.0010399,
      418894549.67232007,
      419941082.1322002,
      423224241.98960006,
      422695192.7808003,
      423130852.30458003,
      422074018.49681985,
      420750216.62783986,
      420829984.5051
    ],
    "TRXUSDT": [
      15094680.835520001,
      15104391.46236,
      15103161.838,
      15107109.54452,
      15114376.3302,
      15111545.45478,
      15110078.26484,
      15100620.86912,
      15094195.93728,
      15094989.35952
    ],
    "BCHUSDT": [
      10589265.3429,
      10319533.355560001,
      10182112.029000001,
      10093762.26464,
      10151524.10244,
      10125316.10286,
      9952304.89388,
      9889023.11752,
      9874909.526919998,
      9879704.376479998
    ],
    "DOGEUSDT": [
      20950175.72196,
      20922721.89903,
      21066904.517839998,
      21039282.747104,
      21088266.900206,
      21087617.310948003,
      21011838.504848,
      20941217.28828,
      20902107.495167997,
      20899074.68707
    ],
    "ADAUSDT": [
      27681292.66056,
      27575076.402939998,
      27521204.75508,
      27253948.9287,
      27309586.30582,
      27280867.49024,
      27330987.8612,
      27211168.13136,
      27154941.5151,
      27073511.68242
    ],
    "DOTUSDT": [
      4791832.04165,
      4774369.28586,
      4916488.7187,
      4879946.18709,
      5028143.233414,
      5028243.640943999,
      5008291.02055,
      4989135.018052,
      4975468.010756,
      4981877.19912
    ],
    "TAOUSDT": [
      19380018.74346,
      19455846.80232,
      19175697.592839997,
      19351057.74316,
      19472956.610719997,
      19478718.22264,
      19613936.403,
      19562998.149,
      19535653.082539998,
      19512546.75192
    ],
    "AVAXUSDT": [
      16187993.68644,
      16107024.428880002,
      16046119.453343999,
      16146544.81914,
      16250980.459648002,
      16219491.159664,
      16260054.368344001,
      16221359.005635995,
      16219099.445691999,
      16245397.347216
    ],
    "LINKUSDT": [
      31454776.60084,
      31338437.20686,
      31230804.681519993,
      31205047.57526,
      31282531.126559995,
      31299966.5136,
      31319020.03776,
      31255088.3253,
      31218334.15896,
      31223563.022399995
    ],
    "AAVEUSDT": [
      77233919.65286002,
      76811813.1046,
      76406142.72924,
      75851387.1236,
      76200358.63968,
      76235589.95864,
      76279634.71103998,
      76013444.5112,
      75871182.3425,
      75741368.65120001
    ],
    "XRPUSDT": [
      68452672.20300001,
      68310316.1856,
      68119405.9632,
      68156084.385,
      68386434.48,
      68345172.1812,
      68407744.768,
      69246997.083,
      69116049.4086,
      69103819.17
    ],
    "XLMUSDT": [
      8131898.7174,
      8115518.49288,
      8170664.110560001,
      8138744.313440001,
      8256711.495759999,
      8172727.99108,
      8307509.9584,
      8241277.07736,
      8099218.2614,
      8095547.6985599995
    ],
    "UNIUSDT": [
      9554133.718139999,
      9530737.06704,
      9521064.112,
      9508355.12108,
      9542069.528479999,
      9584923.551979998,
      9711850.5804,
      9687690.2245,
      9737106.018639999,
      9763441.72236
    ],
    "LTCUSDT": [
      11170060.1428,
      11128675.40736,
      11116243.079,
      11120830.218,
      11157858.70886,
      11160247.557120001,
      11120668.16,
      11141214.775799999,
      11127456.0458,
      11137234.50224
    ],
    "APTUSDT": [
      4222413.762448,
      4220943.48144,
      4149777.4804960005,
      4137972.9703740003,
      4141750.7529460005,
      4141565.3393540005,
      4054186.4168320005,
      4040064.86556,
      4032369.4823759994,
      4032457.1644000006
    ],
    "PENDLEUSDT": [
      6362252.139599999,
      6355818.3,
      6330804.839,
      6332458.1462,
      6357230.403999999,
      6315915.332,
      6329441.608,
      6297329.980599999,
      6287499.972,
      6268317.174
    ]
  },
  "funding_history": {
    "BTCUSDT": [
      1.25e-05,
      1.25e-05,
      1.25e-05,
      1.25e-05,
      1.25e-05,
      1.25e-05
    ],
    "ETHUSDT": [
      1.25e-05,
      1.25e-05,
      1.25e-05,
      1.25e-05,
      7.1556e-06,
      9.1336e-06
    ],
    "HYPEUSDT": [
      -9.5603e-06,
      -9.6291e-06,
      1.25e-05,
      1.25e-05,
      1.25e-05,
      1.25e-05
    ],
    "ZECUSDT": [
      1.25e-05,
      1.25e-05,
      1.25e-05,
      1.25e-05,
      1.25e-05,
      1.25e-05
    ],
    "NEARUSDT": [
      1.25e-05,
      1.25e-05,
      1.25e-05,
      1.25e-05,
      1.25e-05,
      1.25e-05
    ],
    "ONDOUSDT": [
      1.25e-05,
      1.25e-05,
      1.25e-05,
      1.25e-05,
      1.25e-05,
      1.25e-05
    ],
    "SUIUSDT": [
      1.25e-05,
      1.25e-05,
      1.25e-05,
      1.25e-05,
      1.25e-05,
      1.25e-05
    ],
    "PENGUUSDT": [
      1.25e-05,
      1.25e-05,
      1.25e-05,
      1.25e-05,
      1.25e-05,
      1.25e-05
    ],
    "BNBUSDT": [
      1.25e-05,
      1.25e-05,
      1.25e-05,
      1.25e-05,
      1.25e-05,
      1.25e-05
    ],
    "SOLUSDT": [
      1.25e-05,
      1.25e-05,
      1.25e-05,
      1.17588e-05,
      1.25e-05,
      1.21043e-05
    ],
    "TRXUSDT": [
      -2.81327e-05,
      -3.11379e-05,
      -2.94702e-05,
      -3.17786e-05,
      -3.2113e-05,
      -3.2968e-05
    ],
    "BCHUSDT": [
      -1.5536e-05,
      -1.47441e-05,
      1.06361e-05,
      2.3073e-06,
      -1.657e-07,
      -3.0203e-06
    ],