{
  "_version": 1,
  "oi_history": {
    "BTCUSDT": [
      2092549571.9649003,
      2089293699.76266,
      2089639807.2106597,
      2095212750.7151997,
      2096941550.1919198,
      2095530837.24072,
      2103945912.8856997,
      2100736903.2161002,
      2112548068.2726
    ],
    "ETHUSDT": [
      1103944357.1964598,
      1108593797.43,
      1109976478.8615,
      1109499911.15994,
      1110902174.4852002,
      1110268441.06386,
      1112203248.5924401,
      1113227444.4234002,
      1111567428.2963998
    ],
    "HYPEUSDT": [
      1362876483.0871992,
      1359810515.3462996,
      1364534210.1362,
      1363996486.9119997,
      1362398662.9227996,
      1363678416.1809595,
      1364499678.45352,
      1366680591.0173993,
      1372912690.219
    ],
    "ZECUSDT": [
      165870453.82639998,
      166023181.57320002,
      166621456.10960007,
      166517047.026,
      165462686.8224,
      165590372.20320004,
      166006419.3752,
      166277067.03519997,
      167203409.203
    ],
    "NEARUSDT": [
      63427876.66336001,
      63431758.5462,
      63254745.722700015,
      63440448.388960004,
      63330202.41912,
      63435128.87357999,
      63573562.20606001,
      63654764.185320005,
      63718177.107480004
    ],
    "ONDOUSDT": [
      6970450.032240001,
      6954744.3791,
      6980669.813839999,
      6968394.41424,
      6969272.063039999,
      6984803.94612,
      6952527.0505,
      6964479.103680001,
      6984089.85372
    ],
    "SUIUSDT": [
      28516901.587284006,
      28596639.845376004,
      28524120.348492,
      28546731.564113997,
      28473763.812606,
      28520542.63154,
      28597322.5308,
      28595375.195519995,
      28697617.795968
    ],
    "PENGUUSDT": [
      3278209.7053440004,
      3278586.5604520002,
      3280925.831584,
      3279836.402034,
      3272354.9562000004,
      3273488.306682,
      3270462.4561420004,
      3273409.5157560003,
      3271182.775992
    ],
    "BNBUSDT": [
      23875902.1446,
      23891274.563999996,
      23892460.21728,
      23878895.015159998,
      23912650.906,
      23872057.3658,
      23860072.3086,
      23870357.00928,
      23862347.858699996
    ],
    "SOLUSDT": [
      358141077.7048798,
      360561469.38017994,
      360352229.07552,
      359908221.1032001,
      359924556.8251799,
      359685882.6966001,
      359424853.8831999,
      359588474.79029995,
      360169514.35183996
    ],
    "TRXUSDT": [
      14692862.5989,
      14727903.02334,
      14741564.549519999,
      14736004.971280001,
      14727649.16358,
      14740992.107139999,
      14735821.79674,
      14732821.03496,
      14739579.97072
    ],
    "BCHUSDT": [
      10410700.6471,
      10394659.105199998,
      10366668.1076,
      10325816.939199999,
      10304594.52188,
      10282196.470700001,
      10294027.06878,
      10300990.8222,
      10324967.67432
    ],
    "DOGEUSDT": [
      19634802.03162,
      19380213.931091998,
      19362387.61765,
      19335612.724692,
      19316751.094272,
      19360719.585024,
      19536618.603522,
      19532559.87342,
      20085918.12542
    ],
    "ADAUSDT": [
      27138421.009320002,
      27216112.119840004,
      27029617.626480002,
      27004473.914040003,
      26914028.992,
      26896606.505799998,
      26952253.735680003,
      26913802.6556,
      26998081.86696
    ],
    "DOTUSDT": [
      4730742.26955,
      4735526.1724,
      4733094.628500001,
      4746479.42834,
      4727025.0708,
      4740926.75424,
      4742989.0838,
      4755585.59378,
      4754200.46112
    ],
    "TAOUSDT": [
      18768295.86044,
      18746226.19716,
      18695813.85918,
      18642876.600600004,
      18641857.83768,
      18590325.802720003,
      18499999.5785,
      18474276.861780003,
      18424735.7099
    ],
    "AVAXUSDT": [
      15499098.233560001,
      15467514.017664,
      15430454.130576,
      15388679.853794,
      15321089.908890001,
      15386687.480495999,
      15417163.32342,
      15443229.37476,
      15492888.62046
    ],
    "LINKUSDT": [
      30276081.351480007,
      30287100.20336,
      30253493.364639997,
      30260391.902,
      30259949.54008,
      30283753.9512,
      30317870.6208,
      30463110.769440003,
      30528455.75152
    ],
    "AAVEUSDT": [
      75489317.65914,
      75333892.1335,
      75192303.2416,
      75129675.0674,
      74948203.12098,
      75147548.85749999,
      75172648.1142,
      74928673.69274001,
      74843726.33724001
    ],
    "XRPUSDT": [
      70107677.32779999,
      69982031.75140001,
      69867258.0632,
      69851010.81719999,
      69764291.7322,
      69743215.9908,
      69822282.8064,
      69727272.71759999,
      69922144.2666
    ],
    "XLMUSDT": [
      6455548.512359999,
      6417248.3444,
      6524372.96874,
      6520199.508239999,
      6476888.8936,
      6564782.13594,
      6604802.886519999,
      6660732.819680001,
      6694255.1698
    ],
    "UNIUSDT": [
      9020611.07,
      9033890.87016,
      9003539.69958,
      9019348.5228,
      9020183.238,
      9040978.33164,
      9036683.46826,
      9030980.94848,
      9067942.56576
    ],
    "LTCUSDT": [
      11086464.073660001,
      11133414.87104,
      11126451.163180001,
      11118232.88968,
      11128280.716,
      11095969.696759999,
      11102852.8044,
      11094510.29304,
      11089033.71804
    ],
    "APTUSDT": [
      4436598.241604,
      4443736.36713,
      4428056.575896,
      4429180.643,
      4414259.503724,
      4429577.042198,
      4427842.137,
      4427459.038152,
      4419183.898604
    ],
    "PENDLEUSDT": [
      6084383.844,
      6085153.0992,
      6083264.5342,
      6088601.148,
      6058042.847999999,
      6047024.9037999995,
      6011336.941000001,
      6029800.704,
      6041898.506800001
    ]
  },
  "funding_history": {
    "BTCUSDT": [
      1.25e-05,
      1.25e-05,
      1.25e-05,
      1.25e-05,
      1.25e-05,
      1.23083e-05
    ],
    "ETHUSDT": [
      1.25e-05,
      9.0466e-06,
      1.1075e-05,
      9.1808e-06,
      1.12497e-05,
      1.25e-05
    ],
    "HYPEUSDT": [
      1.25e-05,
      1.25e-05,
      1.25e-05,
      1.25e-05,
      1.25e-05,
      1.25e-05
    ],
    "ZECUSDT": [
      1.25e-05,
      1.25e-05,
      1.25e-05,
      1.25e-05,
      1.25e-05,
      1.25e-05
    ],
    "NEARUSDT": [
      1.25e-05,
      1.25e-05,
      1.25e-05,
      1.25e-05,
      1.25e-05,
      1.25e-05
    ],
    "ONDOUSDT": [
      3.838e-06,
      1.12903e-05,
      3.2063e-06,
      5.4363e-06,
      5.7845e-06,
      -4.099e-06
    ],
    "SUIUSDT": [
      1.25e-05,
      1.25e-05,
      1.25e-05,
      1.25e-05,
      1.25e-05,
      1.25e-05
    ],
    "PENGUUSDT": [
      1.25e-05,
      1.25e-05,
      1.25e-05,
      1.25e-05,
      1.25e-05,
      1.25e-05
    ],
    "BNBUSDT": [
      1.25e-05,
      1.25e-05,
      1.25e-05,
      1.25e-05,
      1.25e-05,
      6.0387e-06
    ],
    "SOLUSDT": [
      1.25e-05,
      1.25e-05,
      1.25e-05,
      1.25e-05,
      1.25e-05,
      1.25e-05
    ],
    "TRXUSDT": [
      -0.0001166953,
      -0.0001173908,
      -0.0001079634,
      -0.0001110298,
      -0.0001135498,
      -0.0001000253
    ],
    "BCHUSDT": [
      1.25e-05,
      1.25e-05,
      1.25e-05,
      1.25e-05,
      1.25e-05,
      1.25e-05
    ],
    "DOGEUSDT": [
      2.408e-07,
      -1.03611e-05,
      -4.9013e-06,
      -2.2771e-06,
      -2.1066e-06,
      3.1987e-06
    ],
    "ADAUSDT": [
      1.25e-05,
      1.25e-05,
      1.25e-05,
      1.25e-05,
      1.25e-05,
      1.25e-05
    ],
    "DOTUSDT": [
      1.25e-05,
      -9.1918e-06,
      -2.8888e-06,
      -2.541e-07,
      -8.682e-07,
      1.12426e-05
    ],
    "TAOUSDT": [
      1.25e-05,
      8.321e-06,
      1.25e-05,
      1.25e-05,
      1.25e-05,
      1.25e-05
    ],
    "AVAXUSDT": [
      1.25e-05,
      1.25e-05,
      1.25e-05,
      1.25e-05,
      9.991e-06,
      -2.324e-07
    ],