{
  "_version": 1,
  "oi_history": {
    "BTCUSDT": [
      2092549571.9649003,
      2089293699.76266,
      2089639807.2106597
    ],
    "ETHUSDT": [
      1103944357.1964598,
      1108593797.43,
      1109976478.8615
    ],
    "HYPEUSDT": [
      1362876483.0871992,
      1359810515.3462996,
      1364534210.1362
    ],
    "ZECUSDT": [
      165870453.82639998,
      166023181.57320002,
      166621456.10960007
    ],
    "NEARUSDT": [
      63427876.66336001,
      63431758.5462,
      63254745.722700015
    ],
    "ONDOUSDT": [
      6970450.032240001,
      6954744.3791,
      6980669.813839999
    ],
    "SUIUSDT": [
      28516901.587284006,
      28596639.845376004,
      28524120.348492
    ],
    "PENGUUSDT": [
      3278209.7053440004,
      3278586.5604520002,
      3280925.831584
    ],
    "BNBUSDT": [
      23875902.1446,
      23891274.563999996,
      23892460.21728
    ],
    "SOLUSDT": [
      358141077.7048798,
      360561469.38017994,
      360352229.07552
    ],
    "TRXUSDT": [
      14692862.5989,
      14727903.02334,
      14741564.549519999
    ],
    "BCHUSDT": [
      10410700.6471,
      10394659.105199998,
      10366668.1076
    ],
    "DOGEUSDT": [
      19634802.03162,
      19380213.931091998,
      19362387.61765
    ],
    "ADAUSDT": [
      27138421.009320002,
      27216112.119840004,
      27029617.626480002
    ],
    "DOTUSDT": [
      4730742.26955,
      4735526.1724,
      4733094.628500001
    ],
    "TAOUSDT": [
      18768295.86044,
      18746226.19716,
      18695813.85918
    ],
    "AVAXUSDT": [
      15499098.233560001,
      15467514.017664,
      15430454.130576
    ],
    "LINKUSDT": [
      30276081.351480007,
      30287100.20336,
      30253493.364639997
    ],
    "AAVEUSDT": [
      75489317.65914,
      75333892.1335,
      75192303.2416
    ],
    "XRPUSDT": [
      70107677.32779999,
      69982031.75140001,
      69867258.0632
    ],
    "XLMUSDT": [
      6455548.512359999,
      6417248.3444,
      6524372.96874
    ],
    "UNIUSDT": [
      9020611.07,
      9033890.87016,
      9003539.69958
    ],
    "LTCUSDT": [
      11086464.073660001,
      11133414.87104,
      11126451.163180001
    ],
    "APTUSDT": [
      4436598.241604,
      4443736.36713,
      4428056.575896
    ],
    "PENDLEUSDT": [
      6084383.844,
      6085153.0992,
      6083264.5342
    ]
  },
  "funding_history": {
    "BTCUSDT": [
      1.25e-05,
      1.25e-05,
      1.25e-05
    ],
    "ETHUSDT": [
      5.9819e-06,
      1.25e-05,
      1.25e-05
    ],
    "HYPEUSDT": [
      1.25e-05,
      1.25e-05,
      1.25e-05
    ],
    "ZECUSDT": [
      1.25e-05,
      1.25e-05,
      1.25e-05
    ],
    "NEARUSDT": [
      1.25e-05,
      1.25e-05,
      1.25e-05
    ],
    "ONDOUSDT": [
      -2.8461e-06,
      2.4275e-06,
      3.0502e-06
    ],
    "SUIUSDT": [
      1.25e-05,
      1.25e-05,
      1.25e-05
    ],
    "PENGUUSDT": [
      1.25e-05,
      1.25e-05,
      1.25e-05
    ],
    "BNBUSDT": [
      8.882e-06,
      1.19071e-05,
      7.7701e-06
    ],
    "SOLUSDT": [
      1.25e-05,
      1.25e-05,
      1.25e-05
    ],
    "TRXUSDT": [
      -0.0001571019,
      -0.0001294951,
      -0.0001202907
    ],
    "BCHUSDT": [
      1.25e-05,
      1.25e-05,
      1.25e-05
    ],
    "DOGEUSDT": [
      1.25e-05,
      3.1137e-06,
      3.0993e-06
    ],
    "ADAUSDT": [
      1.25e-05,
      1.25e-05,
      1.25e-05
    ],
    "DOTUSDT": [
      1.25e-05,
      1.25e-05,
      1.25e-05
    ],
    "TAOUSDT": [
      1.25e-05,
      1.25e-05,
      1.25e-05
    ],
    "AVAXUSDT": [
      1.25e-05,
      1.25e-05,
      1.25e-05
    ],
    "LINKUSDT": [
      1.25e-05,
      1.25e-05,
      1.25e-05
    ],
    "AAVEUSDT": [
      1.25e-05,
      1.25e-05,
      1.25e-05
    ],
    "XRPUSDT": [
      8.4529e-06,
      4.3722e-06,
      4.3425e-06
    ],
    "XLMUSDT": [
      1.25e-05,
      1.25e-05,
      1.25e-05
    ],
    "UNIUSDT": [
      1.25e-05,
      1.25e-05,
      1.25e-05
    ],
    "LTCUSDT": [
      1.25e-05,
      1.25e-05,
      1.25e-05
    ],
    "APTUSDT": [
      -1.21573e-05,
      -5.3292e-06,
      -1.43955e-05
    ],
    "PENDLEUSDT": [
      1.25e-05,
      1.25e-05,
      1.25e-05
    ]
  },
  "atr_history": {
    "BTCUSDT": [
      1.4359297608044335,
      1.4359297608044335,
      1.4359297608044335
    ],
    "ETHUSDT": [
      1.789080022810113,
      1.789080022810113,
      1.789080022810113
    ],
    "HYPEUSDT": [
      2.7693791143513877,
      2.7693791143513877,
      2.7693791143513877
    ],
    "ZECUSDT": [
      3.2507512124465405,
      3.2507512124465405,
      3.2507512124465405
    ],
    "NEARUSDT": [
      3.191561213932332,
      3.191561213932332,
      3.191561213932332
    ],
    "ONDOUSDT": [
      2.340593778595022,
      2.340593778595022,
      2.340593778595022
    ],
    "SUIUSDT": [
      2.1933896004276634,
      2.1933896004276634,
      2.1933896004276634
    ],
    "PENGUUSDT": [
      2.660656131712998,
      2.660656131712998,
      2.660656131712998
    ],
    "BNBUSDT": [
      1.3286253222291702,
      1.3286253222291702,
      1.3286253222291702
    ],
    "SOLUSDT": [
      2.383908118163921,
      2.383908118163921,
      2.383908118163921
    ],
    "TRXUSDT": [
      0.5630869548909381,
      0.5630869548909381,
      0.5630869548909381
    ],
    "BCHUSDT": [
      2.1866116772572224,
      2.1866116772572224,
      2.1866116772572224
    ],
    "DOGEUSDT": [
      1.9513946317801254,
      1.9513946317801254,
      1.9513946317801254
    ],
    "ADAUSDT": [
      2.055654361493817,
      2.055654361493817,
      2.055654361493817
    ],
    "DOTUSDT": [
      2.0578307430606277,
      2.0578307430606277,
      2.0578307430606277
    ],
    "TAOUSDT": [
      2.286263126104293,
      2.286263126104293,
      2.286263126104293
    ],
    "AVAXUSDT": [
      2.3799409126200173,
      2.3799409126200173,
      2.3799409126200173
    ],
    "LINKUSDT": [
      1.824505136223808,
      1.824505136223808,
      1.824505136223808
    ],
    "AAVEUSDT": [
      3.7586426436683764,
      3.7586426436683764,
      3.7586426436683764
    ],
    "XRPUSDT": [
      1.7566605099221928,
      1.7566605099221928,
      1.7566605099221928
    ],
    "XLMUSDT": [
      2.9462194696727453,
      2.9462194696727453,
      2.9462194696727453
    ],
    "UNIUSDT": [
      2.6658376796286807,
      2.6658376796286807,
      2.6658376796286807
    ],
    "LTCUSDT": [
      1.686270159318317,
      1.686270159318317,
      1.686270159318317
    ],
    "APTUSDT": [
      2.596944752155598,
      2.596944752155598,
      2.596944752155598
    ],
    "PENDLEUSDT": [
      2.9795194581344675,
      2.9795194581344675,
      2.9795194581344675
    ]
  },
  "signal_history": [],
  "signal_cooldowns": {},
  "post_loss_cooldown": {},
  "last_signal_outcome": {},
  "active_signals": [],
  "macro_calendar_cache": {}
}