{
  "_version": 1,
  "oi_history": {
    "BTCUSDT": [
      2171401129.5284
    ],
    "ETHUSDT": [
      1214887884.7238398
    ],
    "HYPEUSDT": [
      1354972990.2079797
    ],
    "ZECUSDT": [
      195120608.1462
    ],
    "NEARUSDT": [
      66390277.20192
    ],
    "ONDOUSDT": [
      7827110.2259
    ],
    "SUIUSDT": [
      31074663.981119994
    ],
    "PENGUUSDT": [
      3725094.7926000003
    ],
    "BNBUSDT": [
      24238953.362979997
    ],
    "SOLUSDT": [
      424500812.1799999
    ],
    "TRXUSDT": [
      15094680.835520001
    ],
    "BCHUSDT": [
      10589265.3429
    ],
    "DOGEUSDT": [
      20950175.72196
    ],
    "ADAUSDT": [
      27681292.66056
    ],
    "DOTUSDT": [
      4791832.04165
    ],
    "TAOUSDT": [
      19380018.74346
    ],
    "AVAXUSDT": [
      16187993.68644
    ],
    "LINKUSDT": [
      31454776.60084
    ],
    "AAVEUSDT": [
      77233919.65286002
    ],
    "XRPUSDT": [
      68452672.20300001
    ],
    "XLMUSDT": [
      8131898.7174
    ],
    "UNIUSDT": [
      9554133.718139999
    ],
    "LTCUSDT": [
      11170060.1428
    ],
    "APTUSDT": [
      4222413.762448
    ],
    "PENDLEUSDT": [
      6362252.139599999
    ]
  },
  "funding_history": {
    "BTCUSDT": [
      1.25e-05
    ],
    "ETHUSDT": [
      9.4435e-06
    ],
    "HYPEUSDT": [
      -4.1652e-06
    ],
    "ZECUSDT": [
      1.25e-05
    ],
    "NEARUSDT": [
      1.25e-05
    ],
    "ONDOUSDT": [
      1.25e-05
    ],
    "SUIUSDT": [
      1.25e-05
    ],
    "PENGUUSDT": [
      1.25e-05
    ],
    "BNBUSDT": [
      1.25e-05
    ],
    "SOLUSDT": [
      1.25e-05
    ],
    "TRXUSDT": [
      -1.88337e-05
    ],
    "BCHUSDT": [
      -2.47271e-05
    ],
    "DOGEUSDT": [
      8.687e-07
    ],
    "ADAUSDT": [
      1.25e-05
    ],
    "DOTUSDT": [
      1.25e-05
    ],
    "TAOUSDT": [
      1.25e-05
    ],
    "AVAXUSDT": [
      1.25e-05
    ],
    "LINKUSDT": [
      1.25e-05
    ],
    "AAVEUSDT": [
      1.25e-05
    ],
    "XRPUSDT": [
      1.25e-05
    ],
    "XLMUSDT": [
      1.25e-05
    ],
    "UNIUSDT": [
      1.25e-05
    ],
    "LTCUSDT": [
      7.921e-06
    ],
    "APTUSDT": [
      1.25e-05
    ],
    "PENDLEUSDT": [
      1.25e-05
    ]
  },
  "atr_history": {
    "BTCUSDT": [
      1.549949547884946
    ],
    "ETHUSDT": [
      1.869095773539297
    ],
    "HYPEUSDT": [
      2.9691532363041273
    ],
    "ZECUSDT": [
      3.2939222375323345
    ],
    "NEARUSDT": [
      3.2393939711164133
    ],
    "ONDOUSDT": [
      2.39222036125196
    ],
    "SUIUSDT": [
      2.2828922551132447
    ],
    "PENGUUSDT": [
      2.7587303909441694
    ],
    "BNBUSDT": [
      1.4274582074595032
    ],
    "SOLUSDT": [
      2.400975832168399
    ],
    "TRXUSDT": [
      0.5757020045480373
    ],
    "BCHUSDT": [
      2.7282949052900447
    ],
    "DOGEUSDT": [
      2.0099744261646277
    ],
    "ADAUSDT": [
      2.3333589056906003
    ],
    "DOTUSDT": [
      2.0563517888999048
    ],
    "TAOUSDT": [
      2.5127817143049387
    ],
    "AVAXUSDT": [
      2.2654321022698927
    ],
    "LINKUSDT": [
      1.8935160144428957
    ],
    "AAVEUSDT": [
      3.3165973098036075
    ],
    "XRPUSDT": [
      1.76256327952982
    ],
    "XLMUSDT": [
      3.441204012194585
    ],
    "UNIUSDT": [
      2.591457550881259
    ],
    "LTCUSDT": [
      1.858834338901331
    ],
    "APTUSDT": [
      2.5882667078866715
    ],
    "PENDLEUSDT": [
      3.0790937643825878
    ]
  },
  "signal_history": [],
  "signal_cooldowns": {},
  "post_loss_cooldown": {},
  "last_signal_outcome": {},
  "active_signals": [],
  "macro_calendar_cache": {}
}