{
  "_version": 1,
  "oi_history": {
    "BTCUSDT": [
      {
        "oi": 2071405278.4812799,
        "ts": 1782747932
      }
    ],
    "ETHUSDT": [
      {
        "oi": 1170434568.1472204,
        "ts": 1782747932
      }
    ],
    "HYPEUSDT": [
      {
        "oi": 1357124398.3029203,
        "ts": 1782747932
      }
    ],
    "ZECUSDT": [
      {
        "oi": 163876600.8396,
        "ts": 1782747932
      }
    ],
    "NEARUSDT": [
      {
        "oi": 67021862.985,
        "ts": 1782747932
      }
    ],
    "ONDOUSDT": [
      {
        "oi": 7515935.762359999,
        "ts": 1782747932
      }
    ],
    "SUIUSDT": [
      {
        "oi": 29262716.707078,
        "ts": 1782747932
      }
    ],
    "PENGUUSDT": [
      {
        "oi": 3499340.98597,
        "ts": 1782747932
      }
    ],
    "BNBUSDT": [
      {
        "oi": 25065161.31834,
        "ts": 1782747932
      }
    ],
    "SOLUSDT": [
      {
        "oi": 401553619.6929401,
        "ts": 1782747932
      }
    ],
    "TRXUSDT": [
      {
        "oi": 14827885.29794,
        "ts": 1782747932
      }
    ],
    "BCHUSDT": [
      {
        "oi": 9972824.20422,
        "ts": 1782747932
      }
    ],
    "DOGEUSDT": [
      {
        "oi": 19064077.283120003,
        "ts": 1782747932
      }
    ],
    "ADAUSDT": [
      {
        "oi": 28222733.3328,
        "ts": 1782747932
      }
    ],
    "DOTUSDT": [
      {
        "oi": 4859134.178687999,
        "ts": 1782747932
      }
    ],
    "TAOUSDT": [
      {
        "oi": 17967048.07352,
        "ts": 1782747932
      }
    ],
    "AVAXUSDT": [
      {
        "oi": 15899394.716659997,
        "ts": 1782747932
      }
    ],
    "LINKUSDT": [
      {
        "oi": 30388378.304160003,
        "ts": 1782747932
      }
    ],
    "AAVEUSDT": [
      {
        "oi": 79715420.82394,
        "ts": 1782747932
      }
    ],
    "XRPUSDT": [
      {
        "oi": 70996324.3108,
        "ts": 1782747932
      }
    ],
    "XLMUSDT": [
      {
        "oi": 5979284.5896000005,
        "ts": 1782747932
      }
    ],
    "UNIUSDT": [
      {
        "oi": 9813190.494639998,
        "ts": 1782747932
      }
    ],
    "LTCUSDT": [
      {
        "oi": 11650389.042500002,
        "ts": 1782747932
      }
    ],
    "PENDLEUSDT": [
      {
        "oi": 6119278.4048,
        "ts": 1782747932
      }
    ],
    "APTUSDT": [
      {
        "oi": 4245586.013664,
        "ts": 1782747932
      }
    ]
  },
  "signal_history": [
    {
      "id": "BTCUSDT_1782747932",
      "symbol": "BTCUSDT",
      "direction": "short",
      "signal_type": "PULL",
      "score": 17,
      "daily_class": "Strong Bearish",
      "funding_rate": 1.03654e-05,
      "atr_pct": 1.4328804664018904,
      "oi_change_pct": null,
      "result": null,
      "sent": true,
      "timestamp": 1782747932,
      "grade": "A+"
    },
    {
      "id": "XRPUSDT_1782747933",
      "symbol": "XRPUSDT",
      "direction": "short",
      "signal_type": "PULL",
      "score": 14,
      "daily_class": "Bearish",
      "funding_rate": -2.9763e-06,
      "atr_pct": 1.7293435446975889,
      "oi_change_pct": null,
      "result": null,
      "sent": true,
      "timestamp": 1782747933,
      "grade": "A+"
    },
    {
      "id": "LTCUSDT_1782747934",
      "symbol": "LTCUSDT",
      "direction": "short",
      "signal_type": "PULL",
      "score": 14,
      "daily_class": "Strong Bearish",
      "funding_rate": 1.25e-05,
      "atr_pct": 1.7182020720299125,
      "oi_change_pct": null,
      "result": null,
      "sent": true,
      "timestamp": 1782747934,
      "grade": "A+"
    }
  ],
  "macro_calendar_cache": {
    "fetched_at": 1782747932,
    "events": []
  },
  "post_loss_cooldown": {},
  "atr_history": {
    "BTCUSDT": [
      1.4328804664018904
    ],
    "ETHUSDT": [
      1.7391208331390358
    ],
    "HYPEUSDT": [
      2.9682109389738347
    ],
    "ZECUSDT": [
      3.4417167395536192
    ],
    "NEARUSDT": [
      3.253723612192791
    ],
    "ONDOUSDT": [
      2.3205682631402773
    ],
    "SUIUSDT": [
      2.3656599654868193
    ],
    "PENGUUSDT": [
      2.736230744068832
    ],
    "BNBUSDT": [
      1.3248823401349032
    ],
    "SOLUSDT": [
      2.48713960950124
    ],
    "TRXUSDT": [
      0.5383796004569034
    ],
    "BCHUSDT": [
      2.1762118543701985
    ],
    "DOGEUSDT": [
      1.843137519770927
    ],
    "ADAUSDT": [
      2.2030662288450893
    ],
    "DOTUSDT": [
      2.230097936452875
    ],
    "TAOUSDT": [
      2.269740145317188
    ],
    "LINKUSDT": [
      1.8277401517847762
    ],
    "AVAXUSDT": [
      2.601836784584527
    ],
    "XRPUSDT": [
      1.7293435446975889
    ],
    "AAVEUSDT": [
      3.7759625714092007
    ],
    "UNIUSDT": [
      2.6608741725564116
    ],
    "LTCUSDT": [
      1.7182020720299125
    ],
    "XLMUSDT": [
      2.410745004019801
    ],
    "PENDLEUSDT": [
      2.857648700455922
    ],
    "APTUSDT": [
      2.6767631962227094
    ]
  },
  "funding_history": {
    "BTCUSDT": [
      1.03654e-05
    ],
    "HYPEUSDT": [
      1.25e-05
    ],
    "BNBUSDT": [
      1.18672e-05
    ],
    "TRXUSDT": [
      6.148e-07
    ],
    "ADAUSDT": [
      -3.2934e-06
    ],
    "TAOUSDT": [
      5.9674e-06
    ],
    "ETHUSDT": [
      -4.957e-06
    ],
    "LINKUSDT": [
      1.25e-05
    ],
    "XRPUSDT": [
      -2.9763e-06
    ],
    "LTCUSDT": [
      1.25e-05
    ]
  },
  "signal_cooldowns": {
    "BTCUSDT_short": 495207,
    "XRPUSDT_short": 495207,
    "LTCUSDT_short": 495207
  },
  "last_signal_outcome": {},
  "active_signals": [
    {
      "symbol": "BTCUSDT",
      "direction": "short",
      "msg_id": 1149,
      "bar_index": 495207,
      "signal_bar_time": 1782745200000,
      "tp1": 58941.7059484377,
      "tp2": 57558.90451104852,
      "sl": 60607.93873634766,
      "tp1_hit": false,
      "entry_touched": false,
      "resolved": false,
      "hist_id": "BTCUSDT_1782747932",
      "signal_type": "PULL",
      "entry": 59963.77657607319,
      "atr_val": 858.8828803659571
    },
    {
      "symbol": "XRPUSDT",
      "direction": "short",
      "msg_id": 1150,
      "bar_index": 495207,
      "signal_bar_time": 1782745200000,
      "tp1": 1.032072112349591,
      "tp2": 1.0027540324332695,
      "sl": 1.0673994881493825,
      "tp1_hit": false,
      "entry_touched": false,
      "resolved": false,
      "hist_id": "XRPUSDT_1782747933",
      "signal_type": "PULL",
      "entry": 1.0537419975051332,
      "atr_val": 0.018209987525665612
    },
    {
      "symbol": "LTCUSDT",
      "direction": "short",
      "msg_id": 1151,
      "bar_index": 495207,
      "signal_bar_time": 1782745200000,
      "tp1": 41.81,
      "tp2": 40.685991459989594,
      "sl": 43.265214658849956,
      "tp1_hit": false,
      "entry_touched": false,
      "resolved": false,
      "hist_id": "LTCUSDT_1782747934",
      "signal_type": "PULL",
      "entry": 42.72030834923157,
      "atr_val": 0.7265417461578485
    }
  ],
  "btc_dominance_history": []
}